ingredient_id,ingredient_name,field,value,status,source_url,source_title,evidence,notes
297, Hamilton Petite Shrubb,percent_abv,35,ready,https://www.caribbean-spirits.com/labeldetails.php?id=116,Petite Shrubb - Caribbean Spirits,Product page states 35% ABV for bottling,Exact product match.
37,Absinthe,percent_abv,,needs_review,https://www.renedemiscault.fr/en/absinths/,René de Miscault — Absinths,"Opened producer range lists multiple absinthes from 55% to 74% ABV (including 55%, 60%, 72%, and 74%).",Generic category has no brand or expression.
411,Allen's Coffee Flavored Brandy,percent_abv,30,ready,https://www.mswalker.com/wp-content/uploads/Allens-Coffee-Brandy_2020_ss-1.pdf,Allen's Coffee Brandy sell sheet,Producer sell sheet lists 30% alc/vol (60 proof).,Exact product.
536,Alma Tepec Chile Liqueur,percent_abv,40,ready,https://www.agavelux.com.au/wp-content/uploads/AgaveLux_2025_Portfolio.pdf,Agave Lux Exclusive Portfolio,Alma Tepec Pasilla Mixe Chile Liqueur entry states ABV 40%,Exact product entry in opened portfolio.
254,Alpe Lys Amaro,percent_abv,30,ready,https://michele-boscia-tbik.squarespace.com/s/Alpe-Amaro-Lys.pdf,Alpe Amaro 'Lys' technical sheet,Opened product sheet names ALPE AMARO ‘LYS’ and states Finished ABV: 30%.,Exact product match.
89,Amaro Abano,percent_abv,30,ready,https://www.luxardo.it/liqueurs-and-distillates/amaro-abano/,Amaro Abano - Luxardo,Luxardo product page lists 30% ABV.,Exact product match.
589,Amaro Dell'Etna,percent_abv,29,ready,https://amarodelletna.it/products/1,Amaro dell'Etna - AGROSAN SICILIA,Producer page states grado alcolico 29%,Exact product match.
500,Amaro Ramazotti,percent_abv,30,ready,https://www.ramazzotti1815.com/en-us/products/amaro/,Amaro | Ramazzotti,Opened producer page identifies Amaro Ramazzotti and states ABV 30%.,Exact product match.
196,Amaro Sfumato Rabarbaro,percent_abv,20,ready,https://shop.cappellettinovasalus.it/amaro-sfumato-rabarbaro.html,Amaro Sfumato Rabarbaro,Product page lists Amaro Sfumato Rabarbaro at 20% vol.,Exact product match.
76,Ancho Reyes Chile Liqueur,percent_abv,40,ready,https://www.anchoreyes.com/en-us/products/ancho-reyes-original/,Ancho Reyes Original,Official page states 40% alc./vol. (80 proof),Exact product match.
255,Ancho Reyes Verde Chile Liqueur,percent_abv,40,ready,https://www.anchoreyes.com/en-us/products/ancho-reyes-verde/,Ancho Reyes Verde,Opened producer page identifies Ancho Reyes Verde; product footer states Ancho Reyes Chile Liqueur 40% alc./vol. (80 proof).,Exact product/US market source.
237,Angeleno Amaro,percent_abv,23,ready,https://www.tastings.com/Spirits-Review/Angeleno-Amaro-Bitter-Liqueur-USA-08-15-2024.aspx,Angeleno Amaro Bitter Liqueur - Tastings,Opened product review identifies Ventura Spirits Angeleno Amaro at 23% alcohol.,Exact product match; secondary source.
170,Apple Bitters,percent_abv,,needs_review,,,No single ABV applies across unspecified apple bitters brands,Generic category; branded products range widely.
234,Appleton Estate 8 Year Old,percent_abv,43,ready,https://www.appletonestate.com/rums/8-year-old/,Appleton Estate 8 Year Old Reserve Rum,Opened producer page identifies the 8 Year Old and lists Alcohol by Volume (ABV): 43%.,Exact product match.
440,Appleton VX,percent_abv,40,ready,https://www.diffordsguide.com/beer-wine-spirits/1495/appleton-estate-v-x,Appleton Estate V/X Rum - Difford's Guide,Opened exact historical Appleton Estate V/X listing gives 40% ABV / 80 proof.,Exact named product; historical expression is no longer made.
305,Apricot Eau de Vie,percent_abv,,needs_review,https://tamborinemountaindistillery.com/products/eau-de-vie-apricot,Eau De Vie Apricot - Tamborine Mountain Distillery,Opened matching apricot eau-de-vie product states ABV 40%,Generic category; opened products also show 43–45%.
67,Aquavit,percent_abv,,needs_review,,,No single ABV applies to this generic category; bottlings vary by brand and expression.,Unspecified category.
280,Armagnac,percent_abv,,needs_review,,,"Armagnac is an appellation/category with producer, age, and bottling-strength variation.",Generic spirit leaf; select a specific bottling before import.
571,Averell Damson Plum Gin Liqueur,percent_abv,33,ready,https://alpenz-download-product-talker.s3.amazonaws.com/averell_damson.one-sheet.pdf,Averell Damson product sheet,Product sheet identifies Averell Damson Gin at 33% Alc/Vol,Exact product match.
289,Aveze,percent_abv,,needs_review,https://www.aveze.com/produits/aveze-18/,Aveze 18° — AVEZE,"Opened producer page shows Avèze has multiple products at 15°, 16°, 18°, and 23°.",Database name omits the intended strength/expression.
260,Bacardi Ocho Rum,percent_abv,40,ready,https://www.bacardilimited.com/nutrition/bacardi/,Bacardi - Bacardi Limited,Corporate producer page identifies BACARDI RESERVA OCHO at 40%.,Exact product.
649,Barbeque Bitters,percent_abv,,needs_review,https://www.bitterendbitters.com/shop-bitters/p/memphis-barbeque-bitters,Memphis Barbeque Bitters - Bitter End,Opened product page states Memphis Barbeque Bitters ABV 45%,Generic category; no brand/expression supplied.
94,Barenjager,percent_abv,35,ready,https://barenjagerhoney.com/,Bärenjäger Honey,Opened producer page identifies the original honey liqueur and states 35% ABV.,Exact product match.
74,Batavia Arrack,percent_abv,50,needs_review,https://www.abc.virginia.gov/products/cordials/batavia-arrack-van-oosten,Batavia Arrack Van Oosten - Virginia ABC,Opened matching Batavia Arrack van Oosten product record lists 50.0% ABV.,Database name is generic; other Batavia Arrack bottlings may differ.
41,Benedictine,percent_abv,40,ready,https://www.benedictinedom.com/collection/benedictine-dom,Bénédictine D.O.M,Official page states 40% alc/vol,Exact product match.
486,Bergamot Bitters,percent_abv,50,needs_review,https://barkeepstore.ca/products/b18-bergamot-bitters,B18 Bergamot Bitters — Barkeep General Store,Opened retailer listing for B18 Bergamot Bitters states ABV 50%.,Candidate product only; database name does not specify B18 brand.
97,Bigallet China China,percent_abv,40,ready,https://www.bigallet.fr/produit/china-china/,China China - Bigallet,Producer page lists China China at 40% alcohol.,Exact product match.
325,Bittermens Boston Bittahs,percent_abv,44,ready,https://www.webstaurantstore.com/documents/specsheets/bittermens_specsheet.pdf,Summary-Bittermens,Spec sheet lists BOSTON BITTAHS 44% Alc./Vol.,Exact product match.
256,Bittermens Citron Sauvage,percent_abv,16,ready,https://www.bittersandbottles.com/products/bittermens-citron-sauvage-liqueur,Bittermens Citron Sauvage Liqueur,Opened product listing identifies Bittermens Citron Sauvage and states 16% ABV.,Exact product match.
371,Bittermens' Burlesque Bitters,percent_abv,44,ready,https://www.abc.virginia.gov/products/cordials/bittermens-burlesque-bitters?productSize=0,Bittermens Burlesque Bitters - Virginia ABC,Virginia ABC product record lists 44.0% ABV (88 proof).,Exact product match.
38,Black Walnut Bitters,percent_abv,6.4,ready,https://www.feebrothers.com/recycling/black-walnut-bitters/,Black Walnut Bitters - Fee Brothers,Fee Brothers page states ABV 6.4%,Exact product match.
179,Blackberry Liqueur,percent_abv,,needs_review,,,Blackberry liqueurs vary materially by producer and recipe; no brand or expression is specified.,Unspecified category.
137,Blanche Armagnac,percent_abv,,needs_review,https://www.armagnac.fr/la-blanche-armagnac-aoc,La Blanche Armagnac AOC - Armagnac,Official appellation page confirms Blanche Armagnac as a category but does not identify one bottling strength.,Generic appellation leaf; producer/bottle required.
617,Boker's Bitters,percent_abv,31.5,ready,https://www.nicks.com.au/products/dr-adam-elmegirab-s-boker-s-bitters-100ml,Dr. Adam Elmegirab's Boker's Bitters - Nicks Wine Merchants,Opened retailer listing identifies Dr. Adam Elmegirab's Boker's Bitters and states ABV 31.5%,Exact product match.
313,Bonal Gentiane-Quina,percent_abv,16,ready,https://alpenz.com/product-bonal.html,Haus Alpenz — Bonal Gentiane-Quina,Opened importer product table identifies Bonal Gentiane-Quina and lists 16.0% alcohol.,Exact product match.
401,Bordiga Centum Herbis,percent_abv,28,ready,https://www.astorwines.com/item/50436,Bordiga Centum Herbis - Astor Wines,Opened exact product listing gives 28.00% ABV.,Exact product; secondary retailer source.
265,Branca Menta,percent_abv,28,ready,https://flagstaffliquor.com/products/branca-menta,Branca Menta 750ml - Flagstaff Liquor,Opened retailer listing identifies Branca Menta and states ABV 28%,Exact product match; corroborated by multiple retailers and importer portfolio.
516,Brandied Cherry,percent_abv,,needs_review,,,"Brandied cherries are preparations with differing spirits, syrups, and strengths; no brand or recipe is specified.",Unspecified preparation.
201,Brandied Cherry Syrup,percent_abv,,needs_review,,,Database describes liquid from brandied cherries; final ABV depends on preparation and drainage.,Do not use zero; need brand or recipe and final liquid ABV.
18,Brucato Chapparel,percent_abv,46,ready,https://www.wine.com/product/brucato-chaparral-amaro/1510083,Brucato Chaparral Amaro - Wine.com,Opened product details state ABV 46%,Exact product match.
435,Bushmills,percent_abv,40,needs_review,https://bushmills.com/,Bushmills Irish Whiskey,Opened producer homepage states Bushmills Irish Whiskey 40% Alc./Vol. (80 proof).,Brand name spans multiple expressions; 40% is the standard bottling candidate.
192,Byrrh,percent_abv,18,ready,https://www.saq.com/en/12389578,Byrrh Grand Quinquina - SAQ,Opened standard Byrrh Grand Quinquina listing gives 18% alcohol by volume.,Standard Byrrh product match.
176,Cachaça,percent_abv,,needs_review,,,Brazilian cachaça is legally 38–48% ABV but no specific brand supplied,Generic category range; do not select a nominal midpoint.
216,Calvados,percent_abv,40,needs_review,https://www.calvadosgarnier.com/en/fine/,Fine Calvados — Garnier,Opened producer page for a Calvados AOC product lists Alcohol Degree 40% Vol.,Generic category; Calvados bottlings commonly vary by expression.
541,Cardamom Bitters,percent_abv,,needs_review,https://www.feebrothers.com/recycling/cardamom-bitters/,Cardamom Bitters - Fee Brothers,Opened Fee Brothers Cardamom Bitters page lists 8.4% ABV.,Generic name conflicts with Scrappy's Cardamom Bitters at 52%; select brand.
153,Chambord,percent_abv,16.5,ready,https://www.chambordliqueur.com/home/,Chambord Liqueur,Official page states Chambord Black Raspberry Liqueur 16.5% Alc. by Vol.,Exact product match.
262,Chareau Aloe Liqueur,percent_abv,25,ready,https://www.abc.virginia.gov/products/cordials/chareau-aloe-liqueur,Chareau Aloe Liqueur | Virginia ABC,Opened government product page identifies Chareau Aloe Liqueur and lists Alcohol by Volume 25.0% (50 proof).,Exact product match.
615,Cocchi Vermouth Amaro,percent_abv,16,ready,https://www.cocchi.it/vini/dopo-teatro-vermouth-amaro/,Dopo Teatro Vermouth Amaro - Giulio Cocchi,Cocchi product page lists alcohol at 16%.,Exact product match.
349,Cointreau Noir,percent_abv,40,ready,https://www.cointreau.com/int/en/faq,Cointreau International FAQ,Official FAQ states Cointreau Noir contains 40% alcohol by volume,Exact product match.
592,Combier Framboise,percent_abv,17,ready,https://www.combier.fr/produit/liqueur-de-framboise/,Liqueur Framboise — Combier,Opened producer page identifies Liqueur Framboise and states Degré: 17.,Exact product match.
405,Combier Orange Liqueur,percent_abv,40,ready,https://www.combierusa.com/products,Products - Combier USA,Combier catalog identifies Liqueur d'Orange at 40% ABV.,Exact brand product.
278,Combier Pamplemousse Rose,percent_abv,16,ready,https://www.combier.fr/produit/liqueur-de-pamplemousse-rose,Liqueur Pamplemousse Rose - Combier,Producer page states degré 16,Exact product match.
544,Cranberry Bitters,percent_abv,4.1,needs_review,https://www.feebrothers.com/recycling/cranberry-bitters/,Cranberry Bitters | Fee Brothers,Opened Fee Brothers product page identifies Cranberry Bitters and states ABV 4.1%.,Database name omits brand; candidate product only.
410,Curry Bitters,percent_abv,45,needs_review,https://www.bitterendbitters.com/shop-bitters/p/curry-bitters,Curry Bitters - Bitter End Bitters,Opened exact Curry Bitters product page lists 45% ABV.,Database name omits producer; treat 45% as Bitter End product candidate.
109,Damiana Liqueur,percent_abv,,needs_review,,,ABV varies by damiana liqueur brand and no brand is specified,Generic category; no safe single value.
681,Damson Liqueur,percent_abv,,needs_review,,,"Opened product research found different named damson liqueurs at 25%, 26%, and 26.5%; no brand is specified.",Real product/category ambiguity.
314,Denizen Merchants Reserve 8-Year,percent_abv,40,needs_review,https://www.abc.virginia.gov/products/rum/denizen-merchants-reserve-8yr-rum,Denizen Merchant's Reserve 8yr Rum - Virginia ABC,Opened exact 8yr product record lists 40.0% ABV / 80 proof.,Conflict with an older secondary 43% listing; verify bottle/market.
627,Dewar's 12 year old,percent_abv,40,ready,https://www.dewars.com/dewars-whiskies/dewars-12-year-old-whisky,Dewar's 12 Year Old,Official page states bottled at 40% ABV,Exact product match.
238,Dimmi,percent_abv,35,ready,https://www.wine.com/product/dimmi-liquore-di-milano-liqueur/535444,Dimmi Liquore di Milano Liqueur | Wine.com,Opened exact product listing identifies producer Dimmi and lists ABV 35%.,Exact product match.
606,Disaronno Amaretto,percent_abv,28,ready,https://www.abc.virginia.gov/products/cordials/disaronno-amaretto?productSize=1,Disaronno Amaretto - Virginia ABC,State product page lists 28.0% ABV / 56 proof.,Exact product.
350,Don Q Pina Rum,percent_abv,30,ready,https://www.abc.virginia.gov/products/rum/don-q-pina,Don Q Pina - Virginia ABC,Opened product listing states alcohol by volume 30.0%,Exact product match.
105,Donn's Spices #2,percent_abv,16,needs_review,https://kindredcocktails.com/ingredient/donns-spices-2,Donn's Spices #2 | Kindred Cocktails,Database description says equal parts allspice dram and vanilla syrup; using current 32% allspice dram plus 0% syrup gives a 16% recipe estimate.,Derived recipe approximation; do not treat as a measured product ABV.
308,Dry Rosé Wine,percent_abv,13,needs_review,https://www.haritatosvineyard.com/en/wines/rose-de-haritatos/,Rose de Haritatos - Haritatos Vineyard,Opened exact Dry Rose Wine product page lists 13% alcohol.,Generic style; producer and vintage vary.
111,Dry Sherry,percent_abv,,needs_review,,,Dry sherry expressions vary by producer and style,Generic category; no brand/expression supplied.
396,Duquesne Eleve Sous Bois,percent_abv,40,needs_review,https://caskcartel.com/en-ca/products/duquesne-eleve-sous-bois-rhum-agricole,Duquesne Eleve Sous Bois Rhum Agricole — CaskCartel,Search result for the exact product states Proof 80 (40% ABV); direct page fetch returned cache miss.,Snippet-only retailer evidence; numeric candidate requires label verification.
631,El Tesoro Blanco Tequila,percent_abv,40,ready,https://www.eltesorotequila.com/tequilas/el-tesoro-blanco,Premium Blanco Tequila - El Tesoro,Producer page states El Tesoro Blanco is 40% Alc./Vol.,Exact expression.
512,El Tesoro Reposado,percent_abv,40,ready,https://www.eltesorotequila.com/tequilas/el-tesoro-reposado,El Tesoro Premium Reposado,Official page states 40% Alc./Vol.,Exact product match.
148,Fino Sherry,percent_abv,,needs_review,,,Fino Sherry is a category with multiple producers and bottling strengths; no brand or expression is specified.,Unspecified category.
351,Forthave Spirits Red Aperitivo,percent_abv,24,ready,https://forthavespirits.com/red-aperitivo,Forthave Spirits RED Aperitivo,Producer page lists 24% alc./vol.,Exact product match.
453,Fruitful Pink Guava,percent_abv,18,ready,https://www.marketviewliquor.com/product/fruitful-pink-guava-liqueur-ltr,Fruitful Pink Guava Liqueur - Marketview Liquor,Opened product listing identifies Fruitful and states ABV 18%,Exact product match.
80,Genever,percent_abv,,needs_review,,,Genever is a category with varying malt-wine and bottled strengths; no brand or expression is specified.,Unspecified category.
492,Giffard Creme de Cacao Blanc,percent_abv,25,ready,https://www.giffard.jp/catalog/liqueurs-classic-creme-de-cacao/,Crème de Cacao Blanc - Giffard Japan,Official Giffard page lists alcohol degree 25%.,Exact producer product.
503,Giffard Creme de Fruits de la Passion,percent_abv,16,ready,https://www.giffardcanada.com/passion-fruit,Giffard Passion Fruit,Opened product page states Alcohol Grade 16%,Exact product match.
355,Giffard Crème de Pamplemousse Rose,percent_abv,16,ready,https://www.giffard.com/fr/cremes-de-fruits/424-creme-de-pamplemousse-rose.html,Crème de Pamplemousse Rose — Giffard,Opened producer page identifies Crème de Pamplemousse Rose and states Degré: 16%.,Exact product match.
448,Giffard Menthe-Pastille,percent_abv,24,ready,https://www.giffard.com/en/menthe-pastille/250-menthe-pastille-2.html,Menthe-Pastille - Giffard,Producer page lists degree 24%.,Exact producer product.
621,Giffard Piment d'Espelette,percent_abv,40,ready,https://www.giffard.com/fr/premium/6529-piment-despelette.html,Liqueur Piment d'Espelette - Giffard,Producer page states Degré 40% for the named liqueur,Exact product match.
513,Glenlivet Founder's Reserve,percent_abv,40,ready,https://www.theglenlivet.com/en/whisky/founders-reserve-single-malt-scotch/,Founder's Reserve — The Glenlivet,Opened producer page identifies Founder’s Reserve and lists ABV 40%.,Exact product match.
91,Gran Classico,percent_abv,28,ready,https://www.tempusfugitspirits.com/products/gran-classico-bitter/,Gran Classico Bitter - Tempus Fugit Spirits,Tempus Fugit product page lists 28% ABV / 56 proof.,Exact product match.
65,Green Chartreuse,percent_abv,55,ready,https://www.chartreuse.fr/qr/verte-011-gb/,Green Chartreuse - Chartreuse Diffusion,Official product page states alcohol content 55% vol.,Exact product match.
301,Green Creme de Menthe,percent_abv,,needs_review,,,Crème de menthe strengths vary by producer and color; no brand or expression is specified.,Unspecified category.
483,Hamilton Pimento Dram,percent_abv,30,ready,https://www.caribbean-spirits.com/prodsheet/Hamilton_Pimento_Dram_sell_sheet.pdf,Hamilton Pimento Dram sell sheet,Importer product sheet states bottled at 30% ABV in 750 ml bottles.,Exact product.
82,Jaegermeister,percent_abv,35,ready,https://de.jagermeister.com/shop/jaegermeister/jaegermeister,Jägermeister Original,Official product page states 35% vol.,Exact product match.
225,Kalani Coconut Liqueur,percent_abv,30,ready,https://www.oldtowntequila.com/kalani-liqueur/,Casa D'Aristi Kalani Liqueur — Old Town Tequila,Opened retailer product listing identifies Kalani Liqueur and states 30% alc/vol.,Exact product match.
275,Kina L'aero D'Or,percent_abv,18,ready,https://www.tempusfugitspirits.com/products/kina-laero-dor/,Kina L'aero D'Or - Tempus Fugit Spirits,Opened product page lists 18% ABV / 36 proof.,Exact product match.
226,Kirschwasser,percent_abv,,needs_review,,,Kirschwasser ABV varies among distillers and no producer/expression is specified,Generic category; no safe single value.
337,Kummel,percent_abv,,needs_review,,,Kümmel is a category with varying producer strengths; no brand or expression is specified.,Unspecified category.
532,Lagavulin 12 year old,percent_abv,57.8,needs_review,https://www.abc.virginia.gov/products/scotch/lagavulin-12-year-scotch,Lagavulin 12 Year Scotch - Virginia ABC,Opened exact cask-strength product record lists 57.8% ABV / 115.6 proof.,12-year releases vary by vintage (other opened releases include 56.4-57.3%); verify bottle.
400,Laird's Bottled in Bond Apple Brandy,percent_abv,50,ready,https://www.lairdandcompany.com/products/laird's-straight-apple-brandy-bottled-in-bond,Laird's Straight Apple Brandy Bottled in Bond,Producer page states 100 proof / 50% alcohol by volume,Exact product match.
422,Laphroaig 10 year old,percent_abv,,needs_review,https://www.laphroaig.com/en-gb/whiskies/10-year-old,Buy 10 Year Old Single Malt Scotch Whisky — Laphroaig,"Opened official page identifies Laphroaig 10 Year Old, but does not expose ABV; 40% and 43% market versions are documented.",Real market/version conflict.
370,Legendre Ojen,percent_abv,42,ready,https://www.diffordsguide.com/beer-wine-spirits/7905/legendre-ojen,Legendre Ojen - Difford's Guide,Opened exact Legendre Ojen listing gives 42% ABV / 84 proof.,Exact product; reliable secondary source.
506,Leopold Bros. Michigan Tart Cherry Liqueur,percent_abv,20,ready,https://www.highendliquor.com/products/leopold-bros-michigan-tart-cherry-liqueur-750ml,Leopold Bros. Michigan Tart Cherry Liqueur,Opened retailer product specs state ABV 20.0%,Exact product match.
572,Letherbee Fernet,percent_abv,35,ready,https://www.letherbee.com/products/p/letherbee-fernet,Letherbee Fernet,Opened producer page identifies Fernet at 70 proof; direct conversion gives 35% ABV.,Exact product match; proof conversion.
246,Lime Bitters,percent_abv,21.1,needs_review,https://www.feebrothers.com/recycling/lime-bitters/,Lime Bitters - Fee Brothers,Opened Fee Brothers Lime Bitters page lists 21.1% ABV.,Database name omits producer; value applies to Fee Brothers match.
244,Lime Vodka,percent_abv,,needs_review,,,Lime vodka products vary by brand and no brand is specified,Generic category; no safe single value.
458,Lustau Capataz Andres Cream Sherry,percent_abv,20,ready,https://lustau.es/en/shop/sherry-wines/solera-familiar-en/lustau-cream-capataz-andres/,Cream Capataz Andrés — Bodegas Lustau,Opened producer page identifies Cream Capataz Andrés and states 20% Alcohol.,Exact product match.
608,Luxardo Apricot Albicocca Liqueur,percent_abv,30,ready,https://www.luxardo.it/wp-content/uploads/2019/06/Scheda-Apricot-Liqueur.pdf,Apricot Liqueur - Luxardo product sheet,Manufacturer sheet lists alcohol strength 30% alc/vol.,Exact producer product.
586,Macchu Pisco,percent_abv,40,ready,https://www.astorwines.com/item/19371,Macchu Pisco - Astor Wines & Spirits,Opened retailer listing identifies producer Macchu Pisco and states ABV 40.00%,Exact product match; corroborated by Bouchon trade listing.
481,Madeira,percent_abv,,needs_review,,,Madeira is a category with multiple styles and strengths; no producer or expression is specified.,Unspecified category.
539,Maggie's Farm Falernum,percent_abv,25,ready,https://maggiesfarmrum.com/products/falernum-liqueur,Maggie's Farm Falernum Liqueur,"Producer product title states 50 proof, equivalent to 25% ABV.",Exact producer product.
98,Maison Ferrand Mathilde Poire,percent_abv,18,ready,https://bevmo.com/products/32737,Mathilde Liqueur Poire - BevMo,Opened retailer listing identifies Mathilde Poire and 18.0% ABV,Exact product match.
299,maleza hierbas bitters,percent_abv,45,ready,https://www.astorwines.com/item/53630,Maleza Hierbas Mexicanas Bitters | Astor Wines & Spirits,"Opened exact retailer listing identifies Maleza Hierbas Mexicanas Bitters, producer Taller Astrafilia, and lists ABV 45.00%.",Exact product match.
220,Mandarin Vodka,percent_abv,,needs_review,https://www.absolut.com/en/products/absolut-mandrin/,Absolut Mandrin - Absolut Vodka,Opened Absolut Mandrin product page lists 40% ABV.,"Generic style; other named mandarin vodkas include 35%, so brand is required."
430,Manischewitz,percent_abv,,needs_review,https://www.winedeals.com/wine/red-wine/manischewitz-concord-grape-750-ml-37622.html,Manischewitz Concord Grape - WineDeals,Opened/search product listing gives 11% ABV for Concord Grape,Database name omits wine expression; Manischewitz variants differ.
206,Manzanilla Sherry,percent_abv,,needs_review,,,Manzanilla is a category with multiple producers and bottling strengths; no brand or expression is specified.,Unspecified category.
16,Maraschino Liqueur,percent_abv,32,needs_review,https://www.luxardo.it/liqueurs-and-distillates/maraschino-originale/,Maraschino Originale - Luxardo,Producer page lists Luxardo Maraschino Originale at 32% ABV.,Generic name has multiple producers and market strengths; Luxardo is a reference match.
429,Martini Bitter,percent_abv,25,ready,https://www.partesa.it/bitter-martini,Bitter Martini - Partesa,Opened product listing states Martini Bitter grado alcolico 25% vol.,Exact product match.
374,Maurin Quina,percent_abv,16,ready,https://www.astorwines.com/item/25202,Maurin Quina | Astor Wines & Spirits,Opened retailer product page identifies Maurin Quina and lists ABV 16.00%.,Exact product match.
504,Meletti 1870 Bitter,percent_abv,25,ready,https://www.opiciwinesandspirits.com/wp-content/uploads/meletti_1870_fs.pdf,Meletti 1870 product sheet,Technical sheet lists Meletti 1870 at 25% ABV.,Exact product match.
78,Mezcal,percent_abv,,needs_review,,,Mezcal expressions vary widely and no brand/expression is specified,Generic category; no safe single value.
583,Miro Rosso Vermouth,percent_abv,15,ready,https://vermouthmiro.com/producto/miro-rosso/,Rosso 1L — Miró Vermouth,Opened producer page identifies Vermouth Miró Rosso and states alcoholic gradation 15% vol.,Exact product match.
287,Mister Bitters Fig & Cinnamon Bitters,percent_abv,,needs_review,https://www.danmurphys.com.au/product/DM_ER_1000002957_1MRBTFIGC,Mister Bitters Fig & Cinnamon - Dan Murphy's,Opened/located retailer references identify the exact product but reported strengths conflict between 32% and 39%.,Verify package and market version before assigning a number.
190,Mole Bitters,percent_abv,,needs_review,https://www.webstaurantstore.com/documents/specsheets/bittermens_specsheet.pdf,Summary-Bittermens,Opened spec sheet lists Xocolatl Mole Bitters at 53% Alc./Vol.,Generic category; named brand/expression is unspecified.
597,Mommenpop Ruby Grapefruit,percent_abv,17,ready,https://mommenpop.com/products/grapefruit,Mommenpop RUBY GRAPEFRUIT,"Opened exact producer page identifies Mommenpop Ruby Grapefruit and states 750 mL, 17% ABV.",Exact product match.
667,Moscatel Sherry,percent_abv,,needs_review,https://www.sherry.wine/documents/95/05_la_diversidad_del_jerez_0.pdf,Sherry Academy product guide,Opened Sherry guide gives Moscatel alcohol ranges of 15-22% depending on style.,Generic fortified-wine category; select producer/style.
362,Naranja Orange Liqueur,percent_abv,40,ready,https://www.abc.virginia.gov/products/cordials/naranja-orange-liqueur,Naranja Orange Liqueur - Virginia ABC,Opened product listing states alcohol by volume 40.0%,Exact product match.
521,Neisson Rhum Agricole Blanc,percent_abv,52.5,needs_review,https://distiller.com/spirits/neisson-525-rhum-agricole-blanc,Neisson Rhum Agricole Blanc 52.5% | Distiller,Opened exact product record identifies Neisson Rhum Agricole Blanc and lists ABV 52.5; record also notes 100-proof availability.,Named product has multiple strengths/versions.
595,Neversink Reserve Barrel-Aged Gin,percent_abv,45,ready,https://www.saketry.com/208901.html,Neversink Spirits Reserve Gin 45% - SAKETRY,Opened exact Reserve Gin retailer page identifies the barrel-aged product and lists alcohol content 45%.,Exact product match; stronger opened product source supersedes an older 46% catalog lead.
491,Noilly Prat Extra Dry,percent_abv,18,ready,https://www.noillyprat.com/extra-dry-vermouth,Noilly Prat Extra Dry Vermouth,Official page identifies Extra Dry and 18% ABV,Exact product match.
602,Novo Fogo Barrel-Aged Cachaça,percent_abv,40,ready,https://novofogo.com/organic-cachacas/,Organic Cachaças — Novo Fogo,Opened producer page identifies Barrel-Aged Cachaça and lists 750 ml | 40% ABV.,Exact product match.
518,Novo Fogo Silver Cachaça,percent_abv,40,ready,https://novofogo.com/all-cachaca-products/silver-cachaca/,Silver Cachaça - Novo Fogo,Producer page lists Silver Cachaça at 40% ABV.,Exact expression.
397,Old Raj 110-proof gin,percent_abv,55,ready,https://www.cadenhead.scot/our-spirits/cadenheads-gin,Cadenheads Gin - Old Raj,Producer page states Old Raj is available at 46% and 55% ABV; 110 proof corresponds to 55%,Exact named expression is 110-proof.
150,Oloroso Sherry,percent_abv,,needs_review,,,Oloroso Sherry is a category with multiple producers and bottling strengths; no brand or expression is specified.,Unspecified category.
530,Orange Vodka,percent_abv,,needs_review,https://www.smirnoff.com/en-us/products/vodkas-and-flavors/orange,Smirnoff Orange - Smirnoff,Opened Smirnoff Orange product page identifies a 30% Alc/Vol orange vodka.,Generic style; other orange vodka products range around 35-40%; brand required.
324,Palo Cortado Sherry,percent_abv,,needs_review,https://www.gov.uk/protected-food-drink-names/palo-cortado,Palo Cortado - GOV.UK,Official protected-term page states acquired alcoholic strength between 16 and 22%,Generic category range; no specific bottling.
472,Pama Pomegranate Liqueuer,percent_abv,17,ready,https://www.pamaliqueur.com/,PAMA Pomegranate Flavored Liqueur,Opened producer homepage identifies PAMA Pomegranate Liqueur and states 17% Alc./Vol.,Exact product match; database spelling preserved.
79,Pastis,percent_abv,,needs_review,https://www.ricard.com/ricard-70cl-c12.html,Ricard 70cl - Ricard,Opened Ricard Pastis de Marseille product page lists 45% ABV.,Generic category; pastis bottlings commonly vary around 40-45%.
294,Peach Bitters,percent_abv,,needs_review,https://www.feebrothers.com/recycling/peach-bitters/,Peach Bitters - Fee Brothers,Fee Brothers product states 1.7% ABV while other peach bitters products state 39–40%,Generic category has real brand conflict.
261,Plantation Jamaica Rum,percent_abv,,needs_review,,,Plantation/Planteray Jamaica releases span standard and vintage/cask-strength bottlings with materially different ABVs; no age or expression is specified.,Real product/version ambiguity.
236,Plum Wine,percent_abv,,needs_review,https://www.ozeki.co.jp/en/product/umelique/kanjyuku/,Kanjuku Umeshu - Ozeki,Opened Ozeki plum wine product page lists 14% alcohol.,Generic style; umeshu/plum-wine bottlings vary widely.
568,Pomegranate Shrub,percent_abv,,needs_review,,,Shrub preparations vary between vinegar syrups and alcoholic products,Generic preparation; no brand/formulation supplied.
425,Pueblo Viejo Blanco,percent_abv,,needs_review,https://www.tequilapuebloviejo.com/us/our_products.html,Pueblo Viejo — Our Products,"Opened official product page confirms the Blanco line, while current references identify both 38% and 40% market versions.",Market/version conflict.
88,Rabarbaro Zucca Amaro,percent_abv,30,ready,https://www.abc.virginia.gov/products/cordials/zucca-rabarbaro,Zucca Rabarbaro - Virginia ABC,Virginia ABC product record lists 30.0% ABV / 60 proof.,Exact product match.
408,Ramazzotti Aperitivo Rosato,percent_abv,15,ready,https://www.ramazzotti1815.com/en-us/products/aperitivo-rosato,Aperitivo Rosato - Ramazzotti,Official page states ABV 15%,Exact product match.
603,Raspberry Shrub,percent_abv,,needs_review,,,Shrub preparations vary by producer and may be vinegar-based or alcoholic; no brand or recipe is specified.,Do not assume zero ABV.
561,Rhum Damoiseau Blanc 40%,percent_abv,40,ready,https://rhum-damoiseau.com/rhums-classiques/rhum-blanc-40/,Rhum blanc 40° - Les Rhums Damoiseau,Producer page labels the exact white rum 40°.,Exact expression.
377,Rieger's Kansas City Whiskey,percent_abv,46,ready,https://www.jriegerco.com/our-spirits,J. Rieger & Co. spirits,Producer page lists Kansas City Whiskey ABV 46% / 92 proof,Exact product match.
629,Rothman & Winter Orchard Apricot,percent_abv,24,ready,https://alpenz-download-product-talker.s3.amazonaws.com/orchard_apricot.one-sheet.pdf,Rothman & Winter Orchard Apricot technical sheet,Opened product technical sheet identifies Rothman & Winter Orchard Apricot Liqueur and states 24% Alc/Vol.,Exact product sheet.
614,Rothman and Winter Creme de Violette,percent_abv,20,ready,https://www.abc.virginia.gov/products/cordials/rothman--winter-creme-de-violette-liqueur?productSize=0,Rothman & Winter Creme De Violette - Virginia ABC,State product page gives 20.0% ABV / 40 proof.,Exact product match.
388,Russell's Reserve 10-year old,percent_abv,45,ready,https://www.russellsreserve.com/our-products/10-year-old-bourbon,Russell's Reserve 10 Year Old Bourbon,Producer page states bottled at 90 proof; US proof conversion gives 45% ABV,Exact product match.
584,Russell's Reserve Single Barrel Rye,percent_abv,52,ready,https://www.russellsreserve.com/en-us/our-products/single-barrel-rye/,Single Barrel Rye Whiskey — Russell's Reserve,"Opened producer page identifies Single Barrel Rye as individually bottled at 104 proof, equivalent to 52% ABV.",Exact product and current producer specification; proof conversion.
482,Sake,percent_abv,,needs_review,https://www.jetro.go.jp/ext_images/img/1251027153237.pdf,Japanese Sake Categories - JETRO,Opened JETRO guide states usual sake alcohol content is 12-18%.,Generic beverage category; type and producer are unspecified.
342,Scrappy's Firewater Tincture,percent_abv,44.3,ready,https://www.scrappysbitters.com/bitters/firewater-bitters,Scrappy's Fire Tincture,Producer page states 44.3% ABV,Exact product match.
566,Sidetrack Lemon Verbena Liqueur,percent_abv,40,needs_review,https://www.cnsimports.com/wp-content/uploads/2022/01/Wine-Spirits-Catalog_01.2022_email-compressed.pdf,CNS Imports 2022 Wine & Spirits Catalog,Search result for the exact importer catalog identifies Sidetrack Distillery Lemon Verbena Liqueur and states ABV 40% (375/750 ml). Direct URL currently redirects to importer homepage.,Snippet-only evidence; numeric candidate needs label verification.
432,Sirene Canto Amaro,percent_abv,27,ready,https://static1.squarespace.com/static/51b7f731e4b0d95bdfe6da39/t/64cae05f5063cc421fc93f16/1691017313093/Sirene%2BCanto%2BAmaro%2BTech%2BSheet.pdf,Sirene Canto Amaro Tech Sheet,Technical sheet lists finished ABV of 27%.,Exact product match.
107,Solerno,percent_abv,40,ready,https://www.abc.virginia.gov/products/cordials/solerno-blood-orange-liqueur,Solerno Blood Orange Liqueur - Virginia ABC,Opened product listing states alcohol by volume 40.0%,Exact product match.
243,St. George California Citrus Vodka,percent_abv,40,ready,https://stgeorgespirits.com/spirits/california-citrus-vodka,California Citrus Vodka — St. George Spirits,Opened producer product page identifies St. George California Citrus Vodka; product source lists ABV 40%.,Exact product match.
550,St. George Spiced Pear Liqueur,percent_abv,20,ready,https://stgeorgespirits.com/spirits/spiced-pear-liqueur,Spiced Pear Liqueur - St. George Spirits,Producer page lists ABV 20% and explains pear juice lowers the proof.,Exact producer product.
353,St. George Terroir,percent_abv,45,ready,https://stgeorgespirits.com/spirits/terroir-gin,Terroir Gin - St. George Spirits,Producer page states ABV 45%,Exact product match.
612,Strucchi Bianco Vermouth,percent_abv,16,ready,https://www.conalco.de/Strucchi-Vermouth-Bianco-0-75L-16-vol,Strucchi Vermouth Bianco — Conalco,Opened exact product listing identifies Strucchi Vermouth Bianco and states 16% vol.,Exact product match; retailer source.
563,Strucchi Bitter,percent_abv,27,ready,https://strucchi.land/products/,Strucchi.land,Producer product listing gives Strucchi Bitter at 27% alcohol.,Exact product match.
611,Strucchi Dry Vermouth,percent_abv,18,ready,https://strucchi.land/products/,Strucchi Dry,Product page states gradazione alcolica 18%,Exact product match.
562,Strucchi Red Vermouth,percent_abv,16,ready,https://www.conalco.de/Strucchi-Vermouth-Rosso-0-75L-16-vol,Strucchi Vermouth Rosso — Conalco,Opened exact product listing identifies Strucchi Vermouth Rosso and states 16% vol.,Exact product match; retailer source.
328,Swedish Punsch,percent_abv,26,needs_review,https://no1beverages.se/produkter/strms-punsch,Ströms Punsch - No.1 Beverages,Opened producer page lists Ströms Swedish Punsch at 26% ABV.,Generic style/category; Swedish punsch products range roughly 20-30%.
457,Tempus Fugit Creme de Cacao,percent_abv,24,ready,https://www.tempusfugitspirits.com/products/creme-de-cacao,Crème de Cacao - Tempus Fugit Spirits,Producer page states 24% ABV / 48 proof,Exact product match.
502,Tempus Fugit Creme de Menthe,percent_abv,28,ready,https://www.tempusfugitspirits.com/products/creme-de-menthe-glaciale/,Crème de Menthe Glaciale — Tempus Fugit Spirits,Opened producer page identifies the product and lists 28% ABV / 56 proof.,Exact product match.
284,Tiki Bitters,percent_abv,44,needs_review,https://www.webstaurantstore.com/documents/specsheets/bittermens_specsheet.pdf,Summary-Bittermens specification sheet,Opened specification sheet lists Bittermens 'Elemakule Tiki Bitters at 44% Alc./Vol.,Database name omits Bittermens brand; confirm intended product.
454,Vanilla Extract,percent_abv,35,needs_review,https://nielsenmassey.com/products/tahitian-pure-vanilla-extract-gallons-and-drums/,Tahitian Pure Vanilla Extract - Nielsen-Massey,Opened producer page lists Water Alcohol (35%) Sugar and Vanilla Bean Extractives,Generic category; exact brand/formulation is unspecified.
40,Yellow Chartreuse,percent_abv,43,ready,https://www.chartreuse.fr/en/produit/yellow-chartreuse/,Yellow Chartreuse — Chartreuse Diffusion,Opened producer page identifies Yellow Chartreuse and states 43% vol.,Exact product match.
