ingredient_id,ingredient_name,parent_id,is_leaf,percent_abv,sugar_g_per_l,titratable_acidity_g_per_l,description,url
37,Absinthe,,True,,,,,
170,Apple Bitters,11,True,,,,,
305,Apricot Eau de Vie,5,True,,,,,
67,Aquavit,,True,,,,,
280,Armagnac,5,True,,,,,
289,Aveze,117,True,,,,,
649,Barbeque Bitters,11,True,,,,,
74,Batavia Arrack,,True,,,,,
486,Bergamot Bitters,11,True,,,,,
179,Blackberry Liqueur,118,True,,,,,
137,Blanche Armagnac,5,True,,,,Unaged spirit used to make Armagnac,
516,Brandied Cherry,154,True,,,,,
201,Brandied Cherry Syrup,113,True,,,,The liquid from a jar of brandied cherries.,
435,Bushmills,58,True,,,,,
176,Cachaça,2,True,,,,,
216,Calvados,85,True,,,,French apple brandy,
541,Cardamom Bitters,11,True,,,,,
544,Cranberry Bitters,11,True,,,,,
410,Curry Bitters,11,True,,,,,
109,Damiana Liqueur,114,True,,,,,
681,Damson Liqueur,118,True,,,,,
314,Denizen Merchants Reserve 8-Year,106,True,,,,,
105,Donn's Spices #2,,True,,,,Mix Equal Parts Allspice Dram and Vanilla Syrup,
308,Dry Rosé Wine,126,True,,,,,
111,Dry Sherry,23,True,,,,,
396,Duquesne Eleve Sous Bois,121,True,,,,,
148,Fino Sherry,23,True,,,,,
80,Genever,4,True,,,,,
301,Green Creme de Menthe,184,True,,,,,
226,Kirschwasser,5,True,,,,,
337,Kummel,122,True,,,,,
532,Lagavulin 12 year old,29,True,,,,,
422,Laphroaig 10 year old,29,True,,,,,
565,Lemon Verbena Liqueur,118,False,,,,,
246,Lime Bitters,11,True,,,,,
244,Lime Vodka,242,True,,,,,
481,Madeira,126,True,,,,,
220,Mandarin Vodka,3,True,,,,,
430,Manischewitz,126,True,,,,,
206,Manzanilla Sherry,23,True,,,,,
16,Maraschino Liqueur,118,True,,,,,
78,Mezcal,,True,,,,,
287,Mister Bitters Fig & Cinnamon Bitters,11,True,,,,,
190,Mole Bitters,11,True,,,,,
667,Moscatel Sherry,23,True,,,,,
521,Neisson Rhum Agricole Blanc,121,True,,,,,
150,Oloroso Sherry,23,True,,,,,
530,Orange Vodka,3,True,,,,,
324,Palo Cortado Sherry,23,True,,,,,
79,Pastis,257,True,,,,,
294,Peach Bitters,11,True,,,,,
261,Plantation Jamaica Rum,106,True,,,,,
236,Plum Wine,126,True,,,,,
568,Pomegranate Shrub,567,True,,,,,
425,Pueblo Viejo Blanco,71,True,,,,,
603,Raspberry Shrub,567,True,,,,,
482,Sake,126,True,,,,,
567,Shrub,,False,,,,,
566,Sidetrack Lemon Verbena Liqueur,565,True,,,,,
328,Swedish Punsch,,True,,,,,
284,Tiki Bitters,11,True,,,,,
454,Vanilla Extract,366,True,,,,,
