ingredient_id,ingredient_name,parent_id,path,is_leaf,percent_abv,sugar_g_per_l,titratable_acidity_g_per_l,description,url
1,Whiskey,,/1/,False,43.04895833333333,1.5,,A spirit distilled from fermented grain mash,
105,Donn's Spices #2,,/105/,True,,,,Mix Equal Parts Allspice Dram and Vanilla Syrup,
11,Bitters,,/11/,False,41.722727272727276,51.0,,,
10,Bourbon,1,/1/10/,False,44.4125,2.0,,,
388,Russell's Reserve 10-year old,10,/1/10/388/,True,,,,,
431,Maker's Mark Bourbon,10,/1/10/431/,True,45.0,2.0,,,
436,Old Grand-dad 100 proof,10,/1/10/436/,True,,,,,
447,Four Roses Bourbon,10,/1/10/447/,True,40.0,2.0,,,
479,George Dickel No. 12 Tennessee Whisky,10,/1/10/479/,True,,,,,
485,Elijah Craig Small Batch,10,/1/10/485/,True,47.0,2.0,,,
495,Evan Williams Single Barrel Bourbon,10,/1/10/495/,True,43.3,,,,
519,Noble Oak Double Oak Bourbon,10,/1/10/519/,True,,,,,
579,Buffalo Trace Bourbon,10,/1/10/579/,True,40.0,2.0,,,
580,Four Roses Single Barrel,10,/1/10/580/,True,50.0,,,,
581,Bulleit Bourbon,10,/1/10/581/,True,45.0,2.0,,,
582,Four Roses Small Batch,10,/1/10/582/,True,45.0,2.0,,,
112,Scotch,1,/1/112/,False,40.75,2.0,,Scottish whisky,
272,Single Malt Scotch,112,/1/112/272/,False,40.75,2.0,,,
273,Glen Moray 12 Year Old,272,/1/112/272/273/,True,40.0,,,,
29,Peated Scotch,272,/1/112/272/29/,False,43.0,2.0,,A smokey single malt scotch made with peated barley,
331,Lagavulin 16 year old,29,/1/112/272/29/331/,True,43.0,2.0,,,
422,Laphroaig 10 year old,29,/1/112/272/29/422/,True,,,,,
532,Lagavulin 12 year old,29,/1/112/272/29/532/,True,,,,,
576,Talisker 10-year old,29,/1/112/272/29/576/,True,,,,,
363,Highland Park 12 year old,272,/1/112/272/363/,True,40.0,2.0,,,
390,Glenlivet 12-year old,272,/1/112/272/390/,True,40.0,2.0,,,
513,Glenlivet Founder's Reserve,272,/1/112/272/513/,True,,,,,
28,Blended Scotch,112,/1/112/28/,False,,,,A blend of single malts; good options for cocktails are Compass Box Great Artist Blend or Monkey Shoulder,
618,Black Bottle Blended Scotch,28,/1/112/28/618/,True,,,,https://blackbottle.com/products/black-bottle-blended-scotch-whisky,
627,Dewar's 12 year old,28,/1/112/28/627/,True,,,,,
129,Peychaud's Bitters,11,/11/129/,True,,,,,
17,Orange Bitters,11,/11/17/,True,28.0,2.0,,,
170,Apple Bitters,11,/11/170/,True,,,,,
189,Chocolate Bitters,11,/11/189/,True,44.0,,,,
190,Mole Bitters,11,/11/190/,True,,,,,
209,Celery Bitters,11,/11/209/,True,44.0,,,,
218,Lemon Bitters,11,/11/218/,True,39.0,,,,
219,Rhubarb Bitters,11,/11/219/,True,44.0,,,,
239,Grapefruit Bitters,11,/11/239/,True,44.0,,,,
246,Lime Bitters,11,/11/246/,True,,,,,
267,Bar Keep Chinese Bitters,11,/11/267/,True,41.0,,,,
284,Tiki Bitters,11,/11/284/,True,,,,,
287,Mister Bitters Fig & Cinnamon Bitters,11,/11/287/,True,,,,,
294,Peach Bitters,11,/11/294/,True,,,,,
299,maleza hierbas bitters,11,/11/299/,True,,,,,
113,Syrup,,/113/,False,0.0,500.0,,,
103,Rhubarb Syrup,113,/113/103/,True,,,,,
110,Grenadine,113,/113/110/,True,,,,,
120,Vanilla Syrup,113,/113/120/,True,,,,"Mix 1 cup sugar and 1 cup water with a vanilla bean, split in half. Simmer for 20 minutes, cool, and strain.",
136,Ginger Syrup,113,/113/136/,True,,,,Add two parts sugar to one part ginger juice and dissolve.,
138,Demerara Syrup,113,/113/138/,True,,,,1:1 Demerara sugar:water,
14,Simple Syrup,113,/113/14/,True,,,,"1:1 mixture of sugar and water, heated and dissolved.",
140,Orgeat,113,/113/140/,True,,,,,
144,Gum Syrup,113,/113/144/,True,,,,,
160,Cinnamon Syrup,113,/113/160/,True,,,,,
165,Sorghum Syrup,113,/113/165/,True,,,,Mix 1 part boiling water to 3 parts sorghum syrup,
169,Pomegranate Molasses,113,/113/169/,True,,,,,
182,Honey,113,/113/182/,True,,,,,
191,Maple Syrup,113,/113/191/,True,,,,,
20,Rich Demerara Syrup,113,/113/20/,True,,,,Mix two parts demerara sugar to one part water and boil to dissolve,
201,Brandied Cherry Syrup,113,/113/201/,True,,,,The liquid from a jar of brandied cherries.,
217,Rich Simple Syrup,113,/113/217/,True,,,,2:1 sugar:water,
227,Passionfruit Syrup,113,/113/227/,True,,,,,
233,Raspberry Jam,113,/113/233/,True,,,,,
247,Raspberry Syrup,113,/113/247/,True,,,,,
325,Bittermens Boston Bittahs,11,/11/325/,True,,,,,
27,Spiced Simple Syrup,113,/113/27/,True,,,,"Mix 1/2 C turbinado sugar with 1/2 C water; bring to a simmer and add: 2 cinnamon sticks, 4 star anise, 4 cardamom pods, and 10 allspice berries. Simmer 20 minutes and strain.",
270,Agave Nectar,113,/113/270/,True,,,,,
309,Lemon Syrup,113,/113/309/,True,,,,,
330,Strawberry Syrup,113,/113/330/,True,,,,,
340,Lemongrass Syrup,113,/113/340/,True,,,,,
354,Grapefruit Syrup,113,/113/354/,True,,,,,
356,Hibiscus Syrup,113,/113/356/,True,,,,,
361,Mint Syrup,113,/113/361/,True,,,,,
383,Turbinado Syrup,113,/113/383/,True,,,,,
409,Watermelon Syrup,113,/113/409/,True,,,,,
426,Triple Syrup,113,/113/426/,True,,,,"1 part simple syrup
½ part agave syrup
¼ part honey syrup  ",
43,Passion Fruit Honey,113,/113/43/,True,,,,Mix equal parts by volume passion fruit juice or puree and honey,
463,Macadamia Nut Orgeat,113,/113/463/,False,,,,,
464,Orgeat Works Macadamia Nut Syrup,463,/113/463/464/,True,,,,,
487,Cherry Syrup,113,/113/487/,True,,,,E.g. from a jar of brandied cherries,
555,Coconut Simple Syrup,113,/113/555/,True,,,,,
569,Kiwi Syrup,113,/113/569/,True,,,,,
619,Chai Syrup,113,/113/619/,True,,,,Mix brewed chai tea 1:1 with sugar,
620,Saffron Syrup,113,/113/620/,True,,,,,
634,Lime Syrup,113,/113/634/,True,0.0,,,,
364,Aromatic Bitters,11,/11/364/,False,44.85,100.0,,,
12,Angostura Bitters,364,/11/364/12/,True,44.7,100.0,,,
365,Hella Aromatic Bitters,364,/11/364/365/,True,,,,,
445,Dale DeGroff's Pimento Aromatic Bitters,364,/11/364/445/,True,45.0,,,,
646,Chamomile Syrup,113,/113/646/,True,0.0,500.0,,,
682,Rose Syrup,113,/113/682/,True,,,,,
371,Bittermens' Burlesque Bitters,11,/11/371/,True,,,,,
38,Black Walnut Bitters,11,/11/38/,True,,,,From Fee Brothers,
93,Honey Syrup,113,/113/93/,True,,,,2:1 ratio of honey to water,
99,Pineapple Syrup,113,/113/99/,True,,,,,
114,Herbal Liqueur,,/114/,False,30.0,177.0,,,
410,Curry Bitters,11,/11/410/,True,,,,,
101,Strega,114,/114/101/,True,40.0,289.0,,,
109,Damiana Liqueur,114,/114/109/,True,,,,,
123,Génépy,114,/114/123/,False,,,,,
81,Dolin Génépy,123,/114/123/81/,True,,,,,
134,Boomsma Claerkampster Cloosterbitter,114,/114/134/,True,,,,,
135,Creme De Violette,114,/114/135/,False,22.0,150.0,,,
335,Bitter Truth Violet Liqueur,135,/114/135/335/,True,22.0,150.0,,,
614,Rothman and Winter Creme de Violette,135,/114/135/614/,True,,,,,
18,Brucato Chapparel,114,/114/18/,True,,,,,
184,Creme de Menthe,114,/114/184/,False,,,,,
300,White Creme de Menthe,184,/114/184/300/,False,,,,,
448,Giffard Menthe-Pastille,300,/114/184/300/448/,True,,,,,
502,Tempus Fugit Creme de Menthe,300,/114/184/300/502/,True,,,,,
301,Green Creme de Menthe,184,/114/184/301/,True,,,,,
238,Dimmi,114,/114/238/,True,,,,,
245,Gentian Liqueur,114,/114/245/,False,,,,,
195,Suze,245,/114/245/195/,True,,,,,
212,Salers,245,/114/245/212/,True,,,,,
257,Anise Liqueur,114,/114/257/,False,,,,,
258,Herbsaint,257,/114/257/258/,True,,,,,
370,Legendre Ojen,257,/114/257/370/,True,,,,,
79,Pastis,257,/114/257/79/,True,,,,,
262,Chareau Aloe Liqueur,114,/114/262/,True,,,,,
341,Chile Liqueur,114,/114/341/,False,,,,,
255,Ancho Reyes Verde Chile Liqueur,341,/114/341/255/,True,,,,,
342,Scrappy's Firewater Tincture,341,/114/341/342/,True,,,,,
536,Alma Tepec Chile Liqueur,341,/114/341/536/,True,,,,https://www.almatepec.com/,
621,Giffard Piment d'Espelette,341,/114/341/621/,True,,,,,
76,Ancho Reyes Chile Liqueur,341,/114/341/76/,True,,,,,
344,Pimm's No. 1,114,/114/344/,True,25.0,44.0,,,
369,Nixta Licor de Elote,114,/114/369/,True,30.0,,,,
40,Yellow Chartreuse,114,/114/40/,True,,,,,
401,Bordiga Centum Herbis,114,/114/401/,True,,,,,
41,Benedictine,114,/114/41/,True,,,,,
446,Coffee Bitters,11,/11/446/,True,44.0,,,,
489,Becherovka,114,/114/489/,True,38.0,116.0,,,
540,Drambuie,114,/114/540/,True,40.0,286.0,,,
56,Elderflower Liqueur,114,/114/56/,False,20.0,,,,
57,St. Germain,56,/114/56/57/,True,20.0,,,,
65,Green Chartreuse,114,/114/65/,True,,,,,
683,Giffard Parfait Amour,114,/114/683/,True,25.0,,,,https://www.giffard.com/en/classic-liqueurs/414-parfait-amour-2.html
480,Bittermens New England Spiced Cranberry Bitters,11,/11/480/,True,,,,,
82,Jaegermeister,114,/114/82/,True,,,,,
486,Bergamot Bitters,11,/11/486/,True,,,,,
86,Aromas De Montserrat,114,/114/86/,True,,,,,
94,Barenjager,114,/114/94/,True,,,,,
115,Vermouth,,/115/,False,16.319444444444443,103.08333333333333,,,
171,Blanc Vermouth,115,/115/171/,False,15.0,,,,
420,Lustau Vermut Bianco,171,/115/171/420/,True,,,,,
439,Martini Bianco,171,/115/171/439/,True,15.0,,,,
493,Dolin Blanc Vermouth,171,/115/171/493/,True,,,,,
531,Contratto Bianco,171,/115/171/531/,True,,,,,
612,Strucchi Bianco Vermouth,171,/115/171/612/,True,,,,,
650,La Pivon Blanco Vermouth,171,/115/171/650/,True,,,,,
534,Bittermens Celery Shrub,11,/11/534/,True,,,,,
541,Cardamom Bitters,11,/11/541/,True,,,,,
544,Cranberry Bitters,11,/11/544/,True,,,,,
55,Sweet Vermouth,115,/115/55/,False,16.083333333333332,176.66666666666666,,E.g. Carpano Antica or Cocchi di Torino,
167,Carpano Antica,55,/115/55/167/,True,16.5,169.0,,,
277,Cocchi Vermouth di Torino,55,/115/55/277/,True,16.0,181.0,,,
391,Dolin Rouge,55,/115/55/391/,True,16.0,,,,
461,Martini & Rossi Riserva Speciale Rubino Vermouth,55,/115/55/461/,True,,,,,
501,Contratto Rosso,55,/115/55/501/,True,17.0,,,,
548,Lustau Rojo,55,/115/55/548/,True,,,,Sherry-based vermouth,
562,Strucchi Red Vermouth,55,/115/55/562/,True,,,,,
583,Miro Rosso Vermouth,55,/115/55/583/,True,,,,,
628,Lacuesta Vermouth Rojo,55,/115/55/628/,True,15.0,,,,
637,Mancino Rosso,55,/115/55/637/,True,16.0,180.0,,,https://mancinovermouth.com/en/products/rosso-amaranto
61,Dry Vermouth,115,/115/61/,False,17.875,29.5,,a.k.a. French Vermouth,
460,Martini & Rossi Riserva Speciale Ambrato Vermouth,61,/115/61/460/,True,,,,,
490,Dolin Dry Vermouth,61,/115/61/490/,True,17.5,,,,
491,Noilly Prat Extra Dry,61,/115/61/491/,True,,,,,
508,Cinzano Extra Dry,61,/115/61/508/,True,18.0,,,,
511,Bordiga Extra Dry,61,/115/61/511/,True,,,,,
526,Bordiga Vermouth Extra Dry,61,/115/61/526/,True,,,,,
543,Noilly Prat Original,61,/115/61/543/,True,18.0,34.0,,,
577,Ransom Dry Vermouth,61,/115/61/577/,True,,,,,
611,Strucchi Dry Vermouth,61,/115/61/611/,True,,,,,
636,Mancino Secco,61,/115/61/636/,True,18.0,25.0,,,https://mancinovermouth.com/en/products/secco
585,Bitter Truth Bogart's Bitters,11,/11/585/,True,42.1,,,,
116,Mixer,,/116/,False,0.0,63.766666666666666,,,
161,Japanese Whisky,1,/1/161/,False,,,,,
124,Water,116,/116/124/,True,0.0,0.0,,,
402,Toki,161,/1/161/402/,True,,,,,
616,Bob's Abbotts Bitters,11,/11/616/,True,,,,https://www.bobsbitters.com/products/bobs-abbotts-bitters,
163,Tonic Water,116,/116/163/,True,0.0,90.8,,,
617,Boker's Bitters,11,/11/617/,True,,,,,
295,Ginger Soda,116,/116/295/,True,0.0,91.8,,E.g. ginger ale,
316,Sparkling Lemonade,116,/116/316/,True,0.0,40.0,,,
334,Bitter Lemon Soda,116,/116/334/,True,0.0,121.0,,,
380,Rose Water,116,/116/380/,True,,,,,
648,Chamomile Bitters,11,/11/648/,True,44.0,,,,
649,Barbeque Bitters,11,/11/649/,True,,,,,
494,Lemonade,116,/116/494/,True,0.0,104.3,,,
51,Ginger Beer,116,/116/51/,True,0.0,79.0,,,
522,Eden Heirloom Blend Ice Cider,116,/116/522/,True,,,,From https://www.edenciders.com/store/eden-ice-ciders/,
523,Italian Orange Soda,116,/116/523/,True,0.0,47.0,,,
62,Soda Water,116,/116/62/,True,0.0,0.0,,,
117,Aromatized Wine,,/117/,False,16.791666666666668,74.66666666666667,,,
132,Lillet Rouge,117,/117/132/,True,17.0,65.0,,,
139,Lillet Rose,117,/117/139/,True,17.0,65.0,,,
231,Dubonnet Rouge,117,/117/231/,True,,,,,
264,Bonanto,117,/117/264/,True,,,,,
275,Kina L'aero D'Or,117,/117/275/,True,,,,,
289,Aveze,117,/117/289/,True,,,,,
374,Maurin Quina,117,/117/374/,True,,,,,
625,Cocchi Rosa,117,/117/625/,True,16.5,,,,
663,Quinquina / Chinato,117,/117/663/,False,16.75,,,Aromatized wine with quinine,
181,Cocchi Barolo Chinato,663,/117/663/181/,True,16.5,,,,
192,Byrrh,663,/117/663/192/,True,,,,,
276,Mattei Cap Corse Rouge,663,/117/663/276/,True,,,,,
313,Bonal Gentiane-Quina,663,/117/663/313/,True,,,,,
664,Mattei Cap Corse Blanc,663,/117/663/664/,True,17.0,,,,https://alpenz.com/product-cap_corse_blanc.html
70,Cocchi Americano,117,/117/70/,True,16.5,,,,
84,Lillet Blanc,117,/117/84/,True,17.0,94.0,,,
118,Fruit Liqueur,,/118/,False,23.057692307692307,194.0,,,
100,Grapefruit Liqueur,118,/118/100/,False,,,,,
256,Bittermens Citron Sauvage,100,/118/100/256/,True,,,,,
278,Combier Pamplemousse Rose,100,/118/100/278/,True,,,,,
355,Giffard Crème de Pamplemousse Rose,100,/118/100/355/,True,,,,,
597,Mommenpop Ruby Grapefruit,100,/118/100/597/,True,,,,,
119,Orange Liqueur,118,/118/119/,False,35.25,246.0,,,
107,Solerno,119,/118/119/107/,True,,,,,
266,Grand Marnier,119,/118/119/266/,True,,,,,
297, Hamilton Petite Shrubb,119,/118/119/297/,True,,,,,
306,Clément Créole Shrubb,119,/118/119/306/,True,40.0,,,,
349,Cointreau Noir,119,/118/119/349/,True,,,,,
362,Naranja Orange Liqueur,119,/118/119/362/,True,,,,,
384,Blue Curacao,119,/118/119/384/,True,21.0,246.0,,,
39,Dry Curaçao,119,/118/119/39/,True,40.0,,,"Orange liqueur; Pierre Ferrand dry curacao is good, can be substituted with Cointreau",
405,Combier Orange Liqueur,119,/118/119/405/,True,,,,,
575,Patrón Citrónge,119,/118/119/575/,True,,,,,
95,Cointreau,119,/118/119/95/,True,40.0,,,,
147,Banana Liqueur,118,/118/147/,False,25.0,102.0,,,
145,Giffard Banane Du Bresil,147,/118/147/145/,True,25.0,102.0,,,
152,Raspberry Liqueur,118,/118/152/,False,,,,,
153,Chambord,152,/118/152/153/,True,,,,,
592,Combier Framboise,152,/118/152/592/,True,,,,,
16,Maraschino Liqueur,118,/118/16/,True,,,,,
179,Blackberry Liqueur,118,/118/179/,True,,,,,
210,Melon Liqueur,118,/118/210/,False,20.0,229.0,,,
211,Midori,210,/118/210/211/,True,20.0,229.0,,,
223,Cranberry Liqueur,118,/118/223/,False,19.5,,,,
645,Clear Creek Cranberry Liqueur,223,/118/223/645/,True,19.5,,,,
224,Coconut Liqueur,118,/118/224/,False,18.0,,,,
225,Kalani Coconut Liqueur,224,/118/224/225/,True,,,,,
510,Rhum Clement Mahina Coco,224,/118/224/510/,True,18.0,,,,
250,Passionfruit Liqueur,118,/118/250/,False,,,,,
503,Giffard Creme de Fruits de la Passion,250,/118/250/503/,True,,,,,
557,Passoa Passionfruit Liqueur,250,/118/250/557/,True,,,,,
30,Crème De Cassis,118,/118/30/,True,15.0,501.0,,,
326,Pineapple Liqueur,118,/118/326/,False,20.0,102.0,,,
327,Giffard Caribbean Pineapple,326,/118/326/327/,True,20.0,102.0,,,
407,Sloe Gin,118,/118/407/,False,,,,,
571,Averell Damson Plum Gin Liqueur,407,/118/407/571/,True,,,,,
452,Guava Liqueur,118,/118/452/,False,,,,,
453,Fruitful Pink Guava,452,/118/452/453/,True,,,,,
471,Pomegranate Liqueur,118,/118/471/,False,,,,,
472,Pama Pomegranate Liqueuer,471,/118/471/472/,True,,,,,
505,Cherry Liqueur,118,/118/505/,False,24.0,102.0,,,
36,Cherry Heering,505,/118/505/36/,True,24.0,102.0,,,
506,Leopold Bros. Michigan Tart Cherry Liqueur,505,/118/505/506/,True,,,,,
535,Giffard Lichi Li,118,/118/535/,True,18.0,102.0,,,
549,Pear Liqueur,118,/118/549/,False,30.0,,,,
550,St. George Spiced Pear Liqueur,549,/118/549/550/,True,,,,,
613,Belle de Brillet Pear Liqueur,549,/118/549/613/,True,30.0,,,,
98,Maison Ferrand Mathilde Poire,549,/118/549/98/,True,,,,,
565,Lemon Verbena Liqueur,118,/118/565/,False,,,,,
566,Sidetrack Lemon Verbena Liqueur,565,/118/565/566/,True,,,,,
670,Kwai Feh Lychee Liqueur,118,/118/670/,True,20.0,,,,https://www.kwaifeh.com/
679,Mandarin Liqueur,118,/118/679/,False,38.0,260.0,,,
680,Mandarine Napoleon Liqueur,679,/118/679/680/,True,38.0,260.0,,,https://mandarinenapoleon.com/product/
681,Damson Liqueur,118,/118/681/,True,,,,,
69,Apricot Liqueur,118,/118/69/,False,,,,,
608,Luxardo Apricot Albicocca Liqueur,69,/118/69/608/,True,,,,,
629,Rothman & Winter Orchard Apricot,69,/118/69/629/,True,,,,,
83,Peach Liqueur,118,/118/83/,False,17.0,102.0,,,
497,Giffard Peche de Vigne,83,/118/83/497/,True,16.0,102.0,,,
626,Merlet Crème de Peche de Vigne,83,/118/83/626/,True,18.0,,,,
22,Rye,1,/1/22/,False,47.03333333333333,0.0,,,
122,Spice Liqueur,,/122/,False,30.333333333333332,325.0,,,
240,Creme de Cacao,122,/122/240/,False,,,,,
133,White Creme De Cacao,240,/122/240/133/,False,,,,,
492,Giffard Creme de Cacao Blanc,133,/122/240/133/492/,True,,,,,
207,Dark Creme de Cacao,240,/122/240/207/,False,,,,,
457,Tempus Fugit Creme de Cacao,207,/122/240/207/457/,True,,,,,
241,Galliano,122,/122/241/,True,,,,,
307,Coffee Liqueur,122,/122/307/,False,25.0,325.0,,,
411,Allen's Coffee Flavored Brandy,307,/122/307/411/,True,,,,,
538,Borghetti Caffe Liqueur,307,/122/307/538/,True,25.0,325.0,,https://us.caffeborghetti.com/,
570,Galliano Ristretto Coffee Liqueur,307,/122/307/570/,True,,,,,
666,St. George NOLA Coffee Liqueur,307,/122/307/666/,True,25.0,,,,https://stgeorgespirits.com/spirits/nola-coffee-liqueur
337,Kummel,122,/122/337/,True,,,,,
389,Rittenhouse Rye,22,/1/22/389/,True,50.0,,,,
406,Woody Creek Rye,22,/1/22/406/,True,,,,,
50,Ginger Liqueur,122,/122/50/,False,,,,E.g. Domaine de Canton,
468,Domaine de Canton,50,/122/50/468/,True,,,,,
517, Wild Turkey 81 Rye,22,/1/22/517/,True,40.5,,,,
584,Russell's Reserve Single Barrel Rye,22,/1/22/584/,True,,,,,
587,Michter's US1 Straight Rye,22,/1/22/587/,True,42.4,,,,
596,Pikesville Rye,22,/1/22/596/,True,,,,,
598,Wild Turkey Rye 101,22,/1/22/598/,True,50.5,,,,
599,Sagamore Spirit Rye,22,/1/22/599/,True,58.8,,,,
653,Old Overholt Rye,22,/1/22/653/,True,40.0,0.0,,,
673,Licor 43,122,/122/673/,True,31.0,,,,https://licor43.com/licor-43-original/
676,Tuaca Liqueur,122,/122/676/,True,35.0,,,,
8,Allspice Dram,122,/122/8/,False,,,,"An infusion of allspice in rum, also known as pimento dram.",
483,Hamilton Pimento Dram,8,/122/8/483/,True,,,,,
9,St. Elizabeth Allspice Dram,8,/122/8/9/,True,,,,,
126,Wine,,/126/,False,12.333333333333334,8.666666666666666,,,
127,Sparkling Wine,126,/126/127/,True,11.5,12.0,,,
128,White Wine,126,/126/128/,False,12.0,2.0,,,
168,Dry White Wine,128,/126/128/168/,True,12.0,2.0,,,
236,Plum Wine,126,/126/236/,True,,,,,
308,Dry Rosé Wine,126,/126/308/,True,,,,,
31,Red Wine,126,/126/31/,True,13.5,12.0,,,
430,Manischewitz,126,/126/430/,True,,,,,
481,Madeira,126,/126/481/,True,,,,,
482,Sake,126,/126/482/,True,,,,,
381,American Whiskey,1,/1/381/,False,,,,,
377,Rieger's Kansas City Whiskey,381,/1/381/377/,True,,,,,
382,Ransom WhipperSnapper,381,/1/381/382/,True,,,,,
392,Abasolo Whiskey,1,/1/392/,True,,,,Mexican 100% corn whiskey,
141,Fortified Wine,,/141/,False,18.416666666666668,99.5,,,
197,Pineau des Charentes,141,/141/197/,True,17.5,,,,
221,Port,141,/141/221/,False,19.333333333333332,99.5,,,
142,Tawny Port,221,/141/221/142/,True,20.0,,,,
222,White Port,221,/141/221/222/,True,19.0,101.0,,,
419,Ruby Port,221,/141/221/419/,True,19.0,98.0,,,
477,Wheat Whiskey,1,/1/477/,False,,,,Whiskey with at least 51% wheat in the mashbill,
478,Bernheim Wheat Whiskey,477,/1/477/478/,True,,,,,
154,Fruit / Vegetable,,/154/,False,,,,,
155,Strawberries,154,/154/155/,True,,,,,
162,Banana,154,/154/162/,True,,,,,
164,Basil Leaves,154,/154/164/,True,,,,,
173,Blackberries,154,/154/173/,True,,,,,
183,Lime,154,/154/183/,False,,,,,
229,Lime Peel,183,/154/183/229/,True,,,,,
288,Lime Wedges,183,/154/183/288/,True,,,,,
310,Lime Wheels,183,/154/183/310/,True,,,,,
413,Lime Hull,183,/154/183/413/,True,,,,What remains after juicing a lime.,
414,Lime Zest,183,/154/183/414/,True,,,,,
187,Raspberries,154,/154/187/,True,,,,,
205,Cucumber Slices,154,/154/205/,True,,,,,
230,Blood Orange Peel,154,/154/230/,True,,,,,
263,Passionfruit Puree,154,/154/263/,True,,,,,
279,Grapes,154,/154/279/,True,,,,,
292,Lemon,154,/154/292/,False,,,,,
159,Lemon Wedges,292,/154/292/159/,True,,,,,
293,Lemon Peel,292,/154/292/293/,True,,,,,
632,Lemon Wheel,292,/154/292/632/,True,,,,,
315,Ginger Root,154,/154/315/,False,,,,,
332,Slices Ginger Root,315,/154/315/332/,True,,,,,
319,Juniper Berries,154,/154/319/,True,,,,,
320,Mint,154,/154/320/,False,,,,,
21,Mint Leaves,320,/154/320/21/,True,,,,,
282,Mint Sprigs,320,/154/320/282/,True,,,,,
321,Grapefruit Peel,154,/154/321/,True,,,,,
322,Kumquats,154,/154/322/,True,,,,,
336,Blueberries,154,/154/336/,True,,,,,
338,Orange,154,/154/338/,False,,,,,
302,Orange Peel,338,/154/338/302/,True,,,,,
339,Orange Wheel,338,/154/338/339/,True,,,,,
449,Guava Puree,154,/154/449/,True,,,,,
450,Mango Puree,154,/154/450/,True,,,,,
473,Peach,154,/154/473/,False,,,,,
376,Slices Peach,473,/154/473/376/,True,,,,,
474,Peach Puree,473,/154/473/474/,True,,,,,
484,Jalapeno,154,/154/484/,True,,,,,
516,Brandied Cherry,154,/154/516/,True,,,,,
527,Pineapple,154,/154/527/,False,,,,,
372,Pineapple Cube,527,/154/527/372/,True,,,,,
528,Pineapple Slice,527,/154/527/528/,True,,,,,
60,Cherries,154,/154/60/,True,,,,,
610,Passion Fruit,154,/154/610/,True,,,,,
642,Cilantro Leaves,154,/154/642/,True,,,,,
156,Other,,/156/,False,,,,,
157,Egg White,156,/156/157/,True,,,,,
158,Saline Solution,156,/156/158/,True,,,,Dissolve 20g salt in 100 mL water for a 20% (w/v) solution.,
172,Cream,156,/156/172/,True,,,,,
175,Orange Flower Water,156,/156/175/,True,,,,,
193,Coconut MIlk,156,/156/193/,True,,,,,
194,Sugar,156,/156/194/,False,,,,,
373,Brown Sugar Cube,194,/156/194/373/,True,,,,,
375,Sugar Cube,194,/156/194/375/,True,,,,,
558,Vanilla Sugar,194,/156/194/558/,True,,,,Blend a vanilla bean with 2.5 cups of sugar and sieve.,
228,Sweetened Coconut Cream,156,/156/228/,False,,,,,
459,Coco Lopez,228,/156/228/459/,True,,,,,
232,Grated Cinnamon,156,/156/232/,True,,,,,
462,Olive Brine,156,/156/462/,True,,,,,
465,Peach Preserves,156,/156/465/,True,,,,,
467,Unsweetened Coconut Cream,156,/156/467/,True,,,,,
469,Lemon Curd,156,/156/469/,True,,,,,
547,Orange Marmalade,156,/156/547/,True,,,,,
578,Citric Acid Solution,156,/156/578/,True,,,,,
604,Red Currant Preserves,156,/156/604/,True,,,,,
607,Apricot Jam,156,/156/607/,True,,,,,
58,Irish Whiskey,1,/1/58/,False,40.0,2.0,,,
433,Jameson Black Barrel,58,/1/58/433/,True,40.0,,,,
434,Jameson,58,/1/58/434/,True,40.0,2.0,,,
435,Bushmills,58,/1/58/435/,True,,,,,
59,Redbreast 12 Year Old,58,/1/58/59/,True,,,,,
203,Nut Liqueur,,/203/,False,28.6,235.0,,,
204,Amaretto,203,/203/204/,False,26.0,,,,
588,Luxardo Amaretto,204,/203/204/588/,True,24.0,,,,
606,Disaronno Amaretto,204,/203/204/606/,True,,,,,
622,Amaretto Adriatico,204,/203/204/622/,True,28.0,,,,
296,Frangelico,203,/203/296/,True,20.0,235.0,,,
658,Crème de Noyaux,203,/203/658/,False,30.0,,,Liqueur made from peach or apricot kernels,
659,Tempus Fugit Crème de Noyaux,658,/203/658/659/,True,30.0,,,,https://www.tempusfugitspirits.com/products/creme-de-noyaux/
674,Nux Alpina Walnut Liqueur,203,/203/674/,True,32.0,,,,https://alpenz.com/product-nux.html
677,Hazelnut Liqueur,203,/203/677/,True,35.0,,,,
102,Pineapple Rum,2,/2/102/,False,,,,Planteray's Stiggins' Fancy Pineapple is a good example.,
268,Plantation Stiggins' Fancy Pineapple Rum,102,/2/102/268/,True,,,,,
350,Don Q Pina Rum,102,/2/102/350/,True,,,,,
106,Blended Aged Rum,2,/2/106/,False,42.5,7.5,,,
234,Appleton Estate 8 Year Old,106,/2/106/234/,True,,,,,
26,Appleton Estate 12 Year Old,106,/2/106/26/,True,43.0,2.0,,,
260,Bacardi Ocho Rum,106,/2/106/260/,True,,,,,
261,Plantation Jamaica Rum,106,/2/106/261/,True,,,,,
271,Santa Teresa 1796 Rum,106,/2/106/271/,True,,,,,
314,Denizen Merchants Reserve 8-Year,106,/2/106/314/,True,,,,,
345,El Dorado 12-year old,106,/2/106/345/,True,40.0,,,Guyanese aged rum.,
346,Coruba 7 years old,106,/2/106/346/,True,,,,Aged Jamaican Rum,
347,Mount Gay XO,106,/2/106/347/,True,,,,From Barbados,
348,Banks 7 Island,106,/2/106/348/,True,,,,,
440,Appleton VX,106,/2/106/440/,True,,,,,
441,El Dorado 5-year old,106,/2/106/441/,True,,,,From Demerara,
442,El Dorado 15-year old,106,/2/106/442/,True,,,,From Demerara,
444,Angostura 1919,106,/2/106/444/,True,40.0,13.0,,From Trinidad,
499,Ten To One Dark,106,/2/106/499/,True,,,,,
524,Ron del Barrilito Three Stars,106,/2/106/524/,True,43.0,,,,
537,Plantation Barbados 5 year-old,106,/2/106/537/,True,,,,,
542,Real McCoy 5 year-old,106,/2/106/542/,True,,,,From Barbados,
560,Chairman's Reserve Original Rum,106,/2/106/560/,True,40.0,,,,
601,Caña Brava 7 Year,106,/2/106/601/,True,,,,,
657,Scarlet Ibis Rum,106,/2/106/657/,True,49.0,,,,https://alpenz.com/product-ibis.html
121,Rhum Agricole,2,/2/121/,False,46.666666666666664,,,,
298,Neisson Elevé Sous Bois,121,/2/121/298/,True,,,,,
387,Rhum JM Blanc 100 proof,121,/2/121/387/,True,50.0,,,,
396,Duquesne Eleve Sous Bois,121,/2/121/396/,True,,,,,
417,Rhum JM Blanc 80 proof,121,/2/121/417/,True,40.0,,,,
515,Pere Labat Rhum 40,121,/2/121/515/,True,,,,,
521,Neisson Rhum Agricole Blanc,121,/2/121/521/,True,,,,,
546,La Favorite Rhum Agricole Blanc,121,/2/121/546/,True,50.0,,,,
554,Barbancourt White Rum,121,/2/121/554/,True,,,,,
561,Rhum Damoiseau Blanc 40%,121,/2/121/561/,True,,,,,
130,Column Still Lightly Aged Rum,2,/2/130/,False,40.0,,,"Most white rums fall into this category, e.g. Flor de Cana 4 year old",
251,Cana Brava Rum,130,/2/130/251/,True,,,,,
252,Plantation 3 Star Rum,130,/2/130/252/,True,,,,,
359,Flor de Cana 4 year old,130,/2/130/359/,True,40.0,,,,
360,Real McCoy 3 year old,130,/2/130/360/,True,,,,,
393,Owney's Original Rum,130,/2/130/393/,True,,,,,
514,New Grove Plantation White Rum,130,/2/130/514/,True,,,,,
556,Ten to One Caribbean White Rum,130,/2/130/556/,True,,,,,
652,Denizen Aged White Rum,130,/2/130/652/,True,40.0,,,,
176,Cachaça,2,/2/176/,True,,,,,
185,Spiced Rum,2,/2/185/,False,40.0,,,,
259,Alamea Spiced Rum,185,/2/185/259/,True,,,,,
286,Lemon Hart and Son Blackpool Spiced Rum,185,/2/185/286/,True,,,,,
669,Chairman's Reserve Spiced Rum,185,/2/185/669/,True,40.0,,,,https://www.chairmansreserverum.com/chairmans-reserve-spiced-original/
198,Blended Lightly Aged Rum,2,/2/198/,False,40.0,,,,
199,El Dorado 3 year,198,/2/198/199/,True,40.0,,,Demerara Rum from Guyana,
253,Banks 5 Island Rum,198,/2/198/253/,True,,,,,
285,Doctor Bird Rum,198,/2/198/285/,True,,,,,
412,Hamilton Demerara 86 Proof Rum,198,/2/198/412/,True,,,,,
427,Foursquare Probitas,198,/2/198/427/,True,,,,,
49,Appleton Estate Signature,198,/2/198/49/,True,40.0,,,Jamaican blended rum,
200,Pot Still Lightly Aged Rum,2,/2/200/,False,57.0,,,,
19,Smith and Cross,200,/2/200/19/,True,57.0,,,Overproof Jamaican Rum,
358,Plantation Xaymaca,200,/2/200/358/,True,,,,,
623,Rum Bar Jamaican Gold Rum,200,/2/200/623/,True,,,,,
23,Sherry,,/23/,False,27.666666666666668,450.0,,,
111,Dry Sherry,23,/23/111/,True,,,,,
148,Fino Sherry,23,/23/148/,True,,,,,
149,Amontillado Sherry,23,/23/149/,True,46.0,,,,
150,Oloroso Sherry,23,/23/150/,True,,,,,
151,Cream Sherry,23,/23/151/,False,20.0,,,,
235,Alvear Pale Cream Sherry,151,/23/151/235/,True,,,,,
24,Lustau East India Solera Sherry,151,/23/151/24/,True,20.0,,,,
458,Lustau Capataz Andres Cream Sherry,151,/23/151/458/,True,,,,,
166,Pedro Ximenez Sherry,23,/23/166/,True,17.0,450.0,,,
206,Manzanilla Sherry,23,/23/206/,True,,,,,
324,Palo Cortado Sherry,23,/23/324/,True,,,,,
667,Moscatel Sherry,23,/23/667/,True,,,,,
379,Denros Strong,378,/2/378/379/,True,,,,,
385,Plantation OFTD,378,/2/378/385/,True,,,,,
386,Hamilton 151-proof Demerara Rum,378,/2/378/386/,True,,,,From Guyana,
455,Lemon Hart 151,378,/2/378/455/,True,,,,,
593,Rivers Antoine Rum,378,/2/378/593/,True,,,,,
394,Pot Still Aged Rum,2,/2/394/,False,45.0,,,,
395,Worthy Park Single Estate Reserve,394,/2/394/395/,True,45.0,,,,
564,Rum-Bar Jamaican Gold Rum,394,/2/394/564/,True,,,,,
654,Hamilton St. Lucia 5 Year Old Rum,394,/2/394/654/,True,,,,,
44,Pot Still Unaged Rum,2,/2/44/,False,63.0,,,e.g. Hamilton Jamaica Gold or Wray and Nephew,
131,Wray And Nephew,44,/2/44/131/,True,63.0,,,,
146,Rum Fire,44,/2/44/146/,True,63.0,,,,
312,San Zanj Haitian Rum,44,/2/44/312/,True,,,,,
357,Hamilton Jamaica Gold,44,/2/44/357/,True,,,,,
46,Black Rum,2,/2/46/,False,,,,E.g. Myers or Black Seal,
174,Cruzan Blackstrap Rum,46,/2/46/174/,True,,,,,
283,Plantation Original Dark Rum,46,/2/46/283/,True,,,,,
456,Myers's Rum,46,/2/46/456/,True,,,,,
573,Unaged Cachaça,2,/2/573/,False,,,,,
518,Novo Fogo Silver Cachaça,573,/2/573/518/,True,,,,,
574,Aged Cachaça,2,/2/574/,False,,,,,
602,Novo Fogo Barrel-Aged Cachaça,574,/2/574/602/,True,,,,,
590,Aged Rhum Agricole,2,/2/590/,False,43.0,,,,
600,Rhum JM VSOP,590,/2/590/600/,True,43.0,,,,
3,Vodka,,/3/,False,38.125,6.0,,A spirit distilled from fermented grains or potatoes,
317,Falernum,,/317/,False,14.5,,,,
318,Bitter Truth Golden Falernum,317,/317/318/,True,18.0,,,,
33,Velvet Falernum,317,/317/33/,True,11.0,,,,
539,Maggie's Farm Falernum,317,/317/539/,True,,,,,
215,Lemon Vodka,3,/3/215/,True,37.5,1.0,,,
220,Mandarin Vodka,3,/3/220/,True,,,,,
242,Citrus Vodka,3,/3/242/,False,40.0,,,,
243,St. George California Citrus Vodka,242,/3/242/243/,True,,,,,
244,Lime Vodka,242,/3/242/244/,True,,,,,
678,Ketel One Citroen Vodka,242,/3/242/678/,True,40.0,,,,https://www.ketelone.com/en/vodkas/ketel-one-citroen
328,Swedish Punsch,,/328/,True,,,,,
530,Orange Vodka,3,/3/530/,True,,,,,
551,Cucumber Vodka,3,/3/551/,False,,,,,
552,Square One Cucumber Vodka,551,/3/551/552/,True,,,,,
559,Vanilla Vodka,3,/3/559/,True,37.5,13.0,,,
366,Spices,,/366/,False,,,,,
367,Nutmeg,366,/366/367/,True,,,,,
368,Cracked Black Pepper,366,/366/368/,True,,,,,
454,Vanilla Extract,366,/366/454/,True,,,,,
470,Sprig Thyme,366,/366/470/,True,,,,,
476,Sprig Rosemary,366,/366/476/,True,,,,,
643,Coriander Seeds,366,/366/643/,True,,,,,
37,Absinthe,,/37/,True,,,,,
77,Bison Grass Vodka,3,/3/77/,True,37.5,4.0,,,
125,Old Tom Gin,4,/4/125/,False,41.4,,,,
671,Hayman's Old Tom Gin,125,/4/125/671/,True,41.4,,,,https://www.haymansgin.com/product/old-tom-gin/
249,Plymouth Gin,4,/4/249/,True,41.2,1.0,,,
353,St. George Terroir,4,/4/353/,True,,,,,
397,Old Raj 110-proof gin,4,/4/397/,True,,,,,
52,London Dry Gin,4,/4/52/,False,42.0,2.0,,,
352,Big Gin,52,/4/52/352/,True,40.0,2.0,,,
437,Bombay Sapphire Gin,52,/4/52/437/,True,40.0,2.0,,,
591,The Botanist Gin,52,/4/52/591/,True,46.0,,,,
630,Ransom Dry Gin,52,/4/52/630/,True,,,,,
594,Barrel-Aged Gin,4,/4/594/,False,,,,,
595,Neversink Reserve Barrel-Aged Gin,594,/4/594/595/,True,,,,,
647,Letherbee Gin,4,/4/647/,True,48.0,,,,https://www.letherbee.com/products/p/letherbee-original-label-gin
662,Monkey 47 Gin,4,/4/662/,True,47.0,2.0,,,https://us.monkey47.com/
80,Genever,4,/4/80/,True,,,,,
5,Brandy,,/5/,False,40.92666666666667,1.0,,A spirit distilled from wine or fruit,
104,Douglas Fir Eau De Vie,5,/5/104/,True,,,,,
137,Blanche Armagnac,5,/5/137/,True,,,,Unaged spirit used to make Armagnac,
188,Pear Brandy,5,/5/188/,False,,,,,
323,Clear Creek Pear Brandy,188,/5/188/323/,True,,,,,
226,Kirschwasser,5,/5/226/,True,,,,,
280,Armagnac,5,/5/280/,True,,,,,
290,Unaged Apple Brandy,5,/5/290/,True,40.0,2.0,,,
305,Apricot Eau de Vie,5,/5/305/,True,,,,,
605,Cherry Eau de Vie,5,/5/605/,False,,,,,
665,Clear Creek Cherry Brandy,605,/5/605/665/,True,,,,,https://www.hrdspirits.com/clear-creek-distillery
641,Cardenal Mendoza Brandy,5,/5/641/,True,40.0,,,,https://www.cardenalmendoza.com/en/sherry-brandy/cardenal-mendoza-solera-gran-reserva
660,Carrot Eau de Vie,5,/5/660/,False,41.5,0.0,,,
661,Reisetbauer Carrot Eau de Vie,660,/5/660/661/,True,41.5,0.0,,,
567,Shrub,,/567/,False,,,,,
568,Pomegranate Shrub,567,/567/568/,True,,,,,
603,Raspberry Shrub,567,/567/603/,True,,,,,
68,Cognac,5,/5/68/,False,41.666666666666664,,,,
423,Remy Martin 1738 Accord Royal,68,/5/68/423/,True,40.0,,,,
488,Pierre Ferrand 1840,68,/5/68/488/,True,45.0,,,,
520,Pierre Ferrand Ambre,68,/5/68/520/,True,40.0,,,,
75,Pisco,5,/5/75/,False,41.46666666666667,,,,
415,Acholado Pisco,75,/5/75/415/,True,41.3,,,,
416,Quebranta Pisco,75,/5/75/416/,True,41.3,,,,
586,Macchu Pisco,75,/5/75/586/,True,,,,,
672,Barsol Mosto Verde Italia Pisco,75,/5/75/672/,True,41.8,,,,https://www.barsolpisco.com/product/mosto-verde-italia/
85,Aged Apple Brandy,5,/5/85/,False,,,,,
216,Calvados,85,/5/85/216/,True,,,,French apple brandy,
333,Applejack,85,/5/85/333/,False,,,,American Apple Brandy,
400,Laird's Bottled in Bond Apple Brandy,333,/5/85/333/400/,True,,,,,
466,Clear Creek Eau de Vie de Pomme 8 year old,85,/5/85/466/,True,,,,,
6,Tequila,,/6/,False,40.0,,,A spirit distilled from agave,
63,Amaro,,/63/,False,23.572916666666668,220.41666666666666,,,
108,Averna,63,/63/108/,True,,,,,
178,Cardamaro,63,/63/178/,True,,,,,
180,Amaro Ciociaro,63,/63/180/,True,,,,,
186,Amaro Nardini,63,/63/186/,True,29.0,,,,
196,Amaro Sfumato Rabarbaro,63,/63/196/,True,,,,,
202,Amaro Sibona,63,/63/202/,True,,,,,
213,Luxardo Bitter Bianco,63,/63/213/,True,30.0,,,,
237,Angeleno Amaro,63,/63/237/,True,,,,,
254,Alpe Lys Amaro,63,/63/254/,True,,,,,
265,Branca Menta,63,/63/265/,True,,,,,
269,Amaro Braulio,63,/63/269/,True,,,,,
303,Red Bitter,63,/63/303/,False,20.375,216.5,,,
143,Cappelletti Aperitivo,303,/63/303/143/,True,17.0,,,,
304,Luxardo Bitter,303,/63/303/304/,True,,,,,
351,Forthave Spirits Red Aperitivo,303,/63/303/351/,True,,,,,
421,Select Aperitivo,303,/63/303/421/,True,17.5,233.0,,,
428,Martini Riserva Speciale Bitter,303,/63/303/428/,True,,,,,
429,Martini Bitter,303,/63/303/429/,True,,,,,
504,Meletti 1870 Bitter,303,/63/303/504/,True,,,,,
53,Campari,303,/63/303/53/,True,25.0,,,,
563,Strucchi Bitter,303,/63/303/563/,True,,,,,
644,Contratto Bitter,303,/63/303/644/,True,22.0,200.0,,,https://www.contratto.it/en/product/bitter/
34,Amaro Nonino Quintessentia,63,/63/34/,True,35.0,,,,
35,Punt E Mes,63,/63/35/,True,16.0,187.0,,A bitter Italian vermouth,
398,Lo-Fi Gentian Amaro,63,/63/398/,True,,,,,
399,Amaro Lucano,63,/63/399/,True,28.0,,,,
403,Cynar 70,63,/63/403/,True,,,,,
408,Ramazzotti Aperitivo Rosato,63,/63/408/,True,,,,,
42,Aperol,63,/63/42/,True,11.0,,,,
432,Sirene Canto Amaro,63,/63/432/,True,,,,,
443,Amaro Meletti,63,/63/443/,True,,,,,
500,Amaro Ramazotti,63,/63/500/,True,,,,,
525,Faccia Brutto Amaro Gorini,63,/63/525/,True,,,,,
533,Martini Fiero,63,/63/533/,True,15.0,165.0,,,
545,Italicus Rosolio Di Bergamotto,63,/63/545/,True,20.0,246.0,,,
572,Letherbee Fernet,63,/63/572/,True,,,,https://store.letherbee.com/products/fernet,
589,Amaro Dell'Etna,63,/63/589/,True,,,,,
615,Cocchi Vermouth Amaro,63,/63/615/,True,,,,,
64,Fernet-Branca,63,/63/64/,True,39.0,,,,
73,Cynar,63,/63/73/,True,16.5,245.0,,,
638,Non-alcoholic spirits,,/638/,False,0.0,0.0,,,
639,Seedlip Spice 94,638,/638/639/,True,0.0,0.0,,,https://www.seedlipdrinks.com/en-us/shop/seedlip-spice-94
640,Seedlip Garden 108,638,/638/640/,True,0.0,0.0,,,https://www.seedlipdrinks.com/en-us/shop/seedlip-garden-108
88,Rabarbaro Zucca Amaro,63,/63/88/,True,,,,,
89,Amaro Abano,63,/63/89/,True,,,,,
90,Amaro Montenegro,63,/63/90/,True,23.0,263.0,,,
91,Gran Classico,63,/63/91/,True,,,,,
92,Amaro Sibilla,63,/63/92/,True,,,,,
97,Bigallet China China,63,/63/97/,True,,,,,
66,Reposado Tequila,6,/6/66/,False,,,,,
512,El Tesoro Reposado,66,/6/66/512/,True,,,,,
67,Aquavit,,/67/,True,,,,,
71,Blanco Tequila,6,/6/71/,False,40.0,,,,
424,Ocho Blanco,71,/6/71/424/,True,40.0,,,,
425,Pueblo Viejo Blanco,71,/6/71/425/,True,,,,,
553,Siete Leguas Blanco Tequila,71,/6/71/553/,True,,,,,
631,El Tesoro Blanco Tequila,71,/6/71/631/,True,,,,,
72,Añejo Tequila,6,/6/72/,True,40.0,,,,
7,Juice,,/7/,False,0.0,90.60714285714286,,,
15,Lime Juice,7,/7/15/,True,0.0,17.6,,,
208,Watermelon Juice,7,/7/208/,True,,,,,
214,Cranberry Juice,7,/7/214/,False,0.0,129.3,,,
475,White Cranberry Juice,214,/7/214/475/,True,0.0,129.3,,,
248,Verjus,7,/7/248/,False,,,,,
329,Verjus Blanc,248,/7/248/329/,True,,,,,
291,Apple Cider,7,/7/291/,True,0.0,100.8,,,
311,Passionfruit Juice,7,/7/311/,True,0.0,140.0,,,
32,Lemon Juice,7,/7/32/,True,0.0,26.0,,,
74,Batavia Arrack,,/74/,True,,,,,
404,Key Lime Juice,7,/7/404/,True,0.0,17.6,,,
418,Pomelo Juice,7,/7/418/,True,0.0,80.0,,,
438,Blood Orange Juice,7,/7/438/,True,0.0,88.1,,,
45,Grapefruit Juice,7,/7/45/,True,0.0,80.0,,,
451,Sweetened Ginger Juice,7,/7/451/,True,,,,Mix 4 parts ginger juice to 3 parts sugar,
48,Pineapple Juice,7,/7/48/,True,0.0,105.6,,,
496,Peach Juice,7,/7/496/,True,,,,,
498,Strawberry Juice,7,/7/498/,True,,,,,
529,Tangerine Juice,7,/7/529/,True,0.0,103.4,,,
609,Pear Juice,7,/7/609/,True,0.0,159.9,,,
668,Mango Nectar,7,/7/668/,True,0.0,132.1,,,
675,Lime Cordial,7,/7/675/,True,0.0,,,"Sweetened Lime Juice, e.g. Rose's",
78,Mezcal,,/78/,True,,,,,
96,Orange Juice,7,/7/96/,True,0.0,88.1,,,
87,Zwack Unicum,,/87/,True,,,,,
